race_data_id,final_place,PP,Horse,Jockey,Trainer,Odds,Win,Place,Show,year,race,highTemp,lowTemp,precipitation,weather,trackCondition,attendance
1,1,10,Giacomo,Mike Smith,John Shirreffs,51,102.6,45.8,19.8,2005,Kentucky Derby,80,48,0,Cloudy,Fast,156435
2,2,18,Closing Argument,Cornelio Velasquez,Kiaran McLaughlin,72,0,70,24.8,2005,Kentucky Derby,80,48,0,Cloudy,Fast,156435
3,3,12,Afleet Alex,J Rose,Tim Ritchey,5.5,0,0,4.6,2005,Kentucky Derby,80,48,0,Cloudy,Fast,156435
4,4,17,Don't Get Mad,T C Baze,Ronald Ellis,30,0,0,0,2005,Kentucky Derby,80,48,0,Cloudy,Fast,156435
5,5,20,Buzzards Bay,Mark Guidry,Jeff Mullins,47,0,0,0,2005,Kentucky Derby,80,48,0,Cloudy,Fast,156435
6,6,14,Wilko,Corey Nakatani,Craig Dollase,22,0,0,0,2005,Kentucky Derby,80,48,0,Cloudy,Fast,156435
7,7,16,Bellamy Road,J J Castellano,Nick Zito,3.5,0,0,0,2005,Kentucky Derby,80,48,0,Cloudy,Fast,156435
8,8,2,Andromeda's Hero,Rafael Bejarano,Nick Zito,58,0,0,0,2005,Kentucky Derby,80,48,0,Cloudy,Fast,156435
9,9,7,Flower Alley,Jorge Chavez,Todd Pletcher,42,0,0,0,2005,Kentucky Derby,80,48,0,Cloudy,Fast,156435
10,10,11,High Fly,J.D. Bailey,Nick Zito,8,0,0,0,2005,Kentucky Derby,80,48,0,Cloudy,Fast,156435
11,11,9,Greeley's Galaxy,Kent Desormeaux,Warren Stute,22,0,0,0,2005,Kentucky Derby,80,48,0,Cloudy,Fast,156435
12,12,5,Coin Silver,P A Valenzuela,Todd Pletcher,39,0,0,0,2005,Kentucky Derby,80,48,0,Cloudy,Fast,156435
13,13,8,Greater Good,J. McKee,Robert Holthus,59,0,0,0,2005,Kentucky Derby,80,48,0,Cloudy,Fast,156435
14,14,4,Noble Causeway,Gary Stevens,Nick Zito,13,0,0,0,2005,Kentucky Derby,80,48,0,Cloudy,Fast,156435
15,15,3,Sun King,Edgar Prado,Nick Zito,16,0,0,0,2005,Kentucky Derby,80,48,0,Cloudy,Fast,156435
16,16,13,Spanish Chestnut,Joe Bravo,Patrick Biancone,72,0,0,0,2005,Kentucky Derby,80,48,0,Cloudy,Fast,156435
17,17,1,Sort it out,Brice Blanc,Bob Baffert,63,0,0,0,2005,Kentucky Derby,80,48,0,Cloudy,Fast,156435
18,18,19,Going Wild,J Valdivia,D. Wayne Lukas,60,0,0,0,2005,Kentucky Derby,80,48,0,Cloudy,Fast,156435
19,19,15,Bandini,J R Velazquez,Todd Pletcher,8,0,0,0,2005,Kentucky Derby,80,48,0,Cloudy,Fast,156435
20,20,6,High Limit,Ramon Dominguez,Robert Frankel,23,0,0,0,2005,Kentucky Derby,80,48,0,Cloudy,Fast,156435
21,1,8,Barbaro,Edgar Prado,Michael Matz,7,14.2,8,6,2006,Kentucky Derby,68,52,0,Clear,Fast,157536
22,2,13,Bluegrass Cat,Ramon Dominguez,Todd Pletcher,31,0,28.4,15.4,2006,Kentucky Derby,68,52,0,Clear,Fast,157536
23,3,2,Steppenwolfer,Robby Albarado,Danny Peitz,31,0,0,7.8,2006,Kentucky Derby,68,52,0,Clear,Fast,157536
24,4,1,Jazil,Fernando Jara,Kiaran McLaughlin,31,0,0,0,2006,Kentucky Derby,68,52,0,Clear,Fast,157536
25,5,18,Brother Derek,Alex Solis,Dan Hendricks,4,0,0,0,2006,Kentucky Derby,68,52,0,Clear,Fast,157536
26,6,6,Showing Up,Cornelio Velasquez,Barclay Tagg,21,0,0,0,2006,Kentucky Derby,68,52,0,Clear,Fast,157536
27,7,11,Sweetnorthernsaint,Kent Desormeaux,Michael Trombetta,11,0,0,0,2006,Kentucky Derby,68,52,0,Clear,Fast,157536
28,8,14,Deputy Glitters,Jose Lezcano,Tom Albertrani,51,0,0,0,2006,Kentucky Derby,68,52,0,Clear,Fast,157536
29,9,5,Point Determined,Rafael Bejarano,Bob Baffert,13,0,0,0,2006,Kentucky Derby,68,52,0,Clear,Fast,157536
30,10,15,Seaside Retreat,Patrick Husbands,Mark Casse,51,0,0,0,2006,Kentucky Derby,68,52,0,Clear,Fast,157536
31,11,19,Storm Treasure,David Flores,Steve Asmussen,51,0,0,0,2006,Kentucky Derby,68,52,0,Clear,Fast,157536
32,12,17,Lawyer Ron,John McKee,Robert Holthus,5,0,0,0,2006,Kentucky Derby,68,52,0,Clear,Fast,157536
33,13,16,Cause to Believe,Russell Baze,Jerry Hollendorfer,51,0,0,0,2006,Kentucky Derby,68,52,0,Clear,Fast,157536
34,14,20,Flashy Bull,Mike Smith,Kiaran McLaughlin,51,0,0,0,2006,Kentucky Derby,68,52,0,Clear,Fast,157536
35,15,12,Private Vow,Shaun Bridgmohan,Steve Asmussen,51,0,0,0,2006,Kentucky Derby,68,52,0,Clear,Fast,157536
36,16,4,Sinister Minister,Victor Espinoza,Bob Baffert,13,0,0,0,2006,Kentucky Derby,68,52,0,Clear,Fast,157536
37,17,7,Bob and John,Garrett Gomez,Bob Baffert,13,0,0,0,2006,Kentucky Derby,68,52,0,Clear,Fast,157536
38,18,10,A.P. Warrior,Corey Nakatani,John Shirreffs,16,0,0,0,2006,Kentucky Derby,68,52,0,Clear,Fast,157536
39,19,9,Sharp Humor,Mark Guidry,Dale Romans,21,0,0,0,2006,Kentucky Derby,68,52,0,Clear,Fast,157536
40,20,3,Keyed Entry,Pat Valenzuela,Todd Pletcher,31,0,0,0,2006,Kentucky Derby,68,52,0,Clear,Fast,157536
41,1,7,Street Sense,Calvin Borel,Carl Nafzger,5,11.8,6.4,4.6,2007,Kentucky Derby,78,62,0.98,Cloudy,Fast,156635
42,2,8,Hard Spun,Mario Pino,Larry Jones,16,0,9.8,7,2007,Kentucky Derby,78,62,0.98,Cloudy,Fast,156635
43,3,2,Curlin,Robby Albarado,Steve Asmussen,4.5,0,0,5.6,2007,Kentucky Derby,78,62,0.98,Cloudy,Fast,156635
44,4,5,Imawildandcrazyguy,Juan Leyva,William Kaplan,51,0,0,0,2007,Kentucky Derby,78,62,0.98,Cloudy,Fast,156635
45,5,1,Sedgefield,Julien Leparoux,Darrin Miller,51,0,0,0,2007,Kentucky Derby,78,62,0.98,Cloudy,Fast,156635
46,6,16,Circular Quay,John Velasquez,Todd Pletcher,9,0,0,0,2007,Kentucky Derby,78,62,0.98,Cloudy,Fast,156635
47,7,15,Tiago,Mike Smith,John Shirreffs,16,0,0,0,2007,Kentucky Derby,78,62,0.98,Cloudy,Fast,156635
48,8,18,Any Given Sunday,Garrett Gomez,Todd Pletcher,13,0,0,0,2007,Kentucky Derby,78,62,0.98,Cloudy,Fast,156635
49,9,13,Sam P.,Ramon Dominguez,Todd Pletcher,21,0,0,0,2007,Kentucky Derby,78,62,0.98,Cloudy,Fast,156635
50,10,12,Nobiz Like Shobiz,Cornelio Velasquez,Barclay Tagg,9,0,0,0,2007,Kentucky Derby,78,62,0.98,Cloudy,Fast,156635
51,11,19,Dominican,Rafael Bejarano,Darrin Miller,21,0,0,0,2007,Kentucky Derby,78,62,0.98,Cloudy,Fast,156635
52,12,3,Zanjero,Shaun Bridgmohan,Steve Asmussen,31,0,0,0,2007,Kentucky Derby,78,62,0.98,Cloudy,Fast,156635
53,13,20,Great Hunter,Corey Nakatani,Doug O'Neill,16,0,0,0,2007,Kentucky Derby,78,62,0.98,Cloudy,Fast,156635
54,14,9,Liquidity,David Flores,Doug O'Neill,31,0,0,0,2007,Kentucky Derby,78,62,0.98,Cloudy,Fast,156635
55,15,11,Bwana Bull,Javier Castellano,Jerry Hollendorfer,51,0,0,0,2007,Kentucky Derby,78,62,0.98,Cloudy,Fast,156635
56,16,4,Storm in May,Kent Desormeaux,William Kaplan,31,0,0,0,2007,Kentucky Derby,78,62,0.98,Cloudy,Fast,156635
57,17,10,Teuflesberg,Stewart Elliot,Jamie Sanders,31,0,0,0,2007,Kentucky Derby,78,62,0.98,Cloudy,Fast,156635
58,18,14,Scat Daddy,Edgar Prado,Todd Pletcher,11,0,0,0,2007,Kentucky Derby,78,62,0.98,Cloudy,Fast,156635
59,19,17,Stormello,Kent Desormeaux,William Currin,31,0,0,0,2007,Kentucky Derby,78,62,0.98,Cloudy,Fast,156635
60,20,6,Cowtown Cat,Fernando Jara,Todd Pletcher,21,0,0,0,2007,Kentucky Derby,78,62,0.98,Cloudy,Fast,156635
61,1,20,Big Brown,Kent Desormeaux,"Richard Dutrow, Jr.",4.5,6.8,5,4.8,2008,Kentucky Derby,75,50,0.69,Clear,Fast,157770
62,2,5,Eight Belles,Gabriel Saez,Larry Jones,9,0,10.6,6.4,2008,Kentucky Derby,75,50,0.69,Clear,Fast,157770
63,3,16,Denis of Cork,Calvin Borel,David Carroll,28,0,0,11.6,2008,Kentucky Derby,75,50,0.69,Clear,Fast,157770
64,4,4,Tale of Ekati,Eibar Coa,Barclay Tagg,46,0,0,0,2008,Kentucky Derby,75,50,0.69,Clear,Fast,157770
65,5,5,Recapturetheglory,E. T. Baird,Louie J. Roussel III,48,0,0,0,2008,Kentucky Derby,75,50,0.69,Clear,Fast,157770
66,6,6,Colonel John,Corey Nakatani,Eoin Harty,5,0,0,0,2008,Kentucky Derby,75,50,0.69,Clear,Fast,157770
67,7,7,Anak Nakal,Rafael Bejarano,Nick Zito,58,0,0,0,2008,Kentucky Derby,75,50,0.69,Clear,Fast,157770
68,8,8,Pyro,Shaun Bridgmohan,Steve Asmussen,6,0,0,0,2008,Kentucky Derby,75,50,0.69,Clear,Fast,157770
69,9,9,Cowboy Cal,John Velazquez,Todd Pletcher,43,0,0,0,2008,Kentucky Derby,75,50,0.69,Clear,Fast,157770
70,10,10,Z Fortune,Robby Albarado,Steve Asmussen,18,0,0,0,2008,Kentucky Derby,75,50,0.69,Clear,Fast,157770
71,11,11,Smooth Air,Manoel Cruz,Bennie Stutts Jr.,41,0,0,0,2008,Kentucky Derby,75,50,0.69,Clear,Fast,157770
72,12,12,Visionaire,Jose Lezcano,Michael Matz,23,0,0,0,2008,Kentucky Derby,75,50,0.69,Clear,Fast,157770
73,13,13,Court Vision,Garrett Gomez,Bill Mott,15,0,0,0,2008,Kentucky Derby,75,50,0.69,Clear,Fast,157770
74,14,14,Z Humor,Rene Douglas,Bill Mott,68,0,0,0,2008,Kentucky Derby,75,50,0.69,Clear,Fast,157770
75,15,15,Cool Coal Man,Julien Leparoux,Nick Zito,37,0,0,0,2008,Kentucky Derby,75,50,0.69,Clear,Fast,157770
76,16,16,Bob Black Jack,Richard Migliore,James Kasparoff,27,0,0,0,2008,Kentucky Derby,75,50,0.69,Clear,Fast,157770
77,17,17,Gayego,Mike Smith,Paulo Lobo,22,0,0,0,2008,Kentucky Derby,75,50,0.69,Clear,Fast,157770
78,18,18,Big Truck,Elbar Coa,Barclay Tagg,21,0,0,0,2008,Kentucky Derby,75,50,0.69,Clear,Fast,157770
79,19,19,Adriano,Edgar Prado,Graham Motion,25,0,0,0,2008,Kentucky Derby,75,50,0.69,Clear,Fast,157770
80,20,20,Monba,Ramon Dominguez,Todd Pletcher,31,0,0,0,2008,Kentucky Derby,75,50,0.69,Clear,Fast,157770
81,1,8,Mine that Bird,Calvin Borel,Bennie Wooley Jr.,51,103.2,54,25.8,2009,Kentucky Derby,62,51,0.07,Cloudy,Sloppy,153563
82,2,16,Pioneerof theNile,Garrett Gomez,Bob Baffert,5,0,8.4,6.4,2009,Kentucky Derby,62,51,0.07,Cloudy,Sloppy,153563
83,3,2,Musket Man,Eibar Coa,Derek Ryan,21,0,0,12,2009,Kentucky Derby,62,51,0.07,Cloudy,Sloppy,153563
84,4,7,Papa Clem,Rafael Bejarano,Gary Stute,21,0,0,0,2009,Kentucky Derby,62,51,0.07,Cloudy,Sloppy,153563
85,5,11,Chocolate Candy,Mike Smith,Jerry Hollendorfer,21,0,0,0,2009,Kentucky Derby,62,51,0.07,Cloudy,Sloppy,153563
86,6,17,Summer Bird,Chris Rosier,Tim Ice,51,0,0,0,2009,Kentucky Derby,62,51,0.07,Cloudy,Sloppy,153563
87,7,9,Join in the Dance,Chris DeCarlo,Todd Pletcher,51,0,0,0,2009,Kentucky Derby,62,51,0.07,Cloudy,Sloppy,153563
88,8,10,Regal Ransom,Alan Garcia,Saeed bin Suroor,31,0,0,0,2009,Kentucky Derby,62,51,0.07,Cloudy,Sloppy,153563
89,9,1,West Side Bernie,Stewart Elliot,Kelly Breen,31,0,0,0,2009,Kentucky Derby,62,51,0.07,Cloudy,Sloppy,153563
90,10,12,General Quarters,Julien Leparoux,Thomas R. McCarthy,21,0,0,0,2009,Kentucky Derby,62,51,0.07,Cloudy,Sloppy,153563
91,11,15,Dunkirk,Edgar Prado,Todd Pletcher,5,0,0,0,2009,Kentucky Derby,62,51,0.07,Cloudy,Sloppy,153563
92,12,5,Hold Me Back,Kent Desormeaux,Bill Mott,16,0,0,0,2009,Kentucky Derby,62,51,0.07,Cloudy,Sloppy,153563
93,13,4,Advice,Rene Douglas,Todd Pletcher,31,0,0,0,2009,Kentucky Derby,62,51,0.07,Cloudy,Sloppy,153563
94,14,19,Desert Party,Ramon Dominguez,Saeed bin Suroor,16,0,0,0,2009,Kentucky Derby,62,51,0.07,Cloudy,Sloppy,153563
95,15,3,Mr. Hot Stuff,John Velazquez,Eoin Harty,31,0,0,0,2009,Kentucky Derby,62,51,0.07,Cloudy,Sloppy,153563
96,16,14,Atomic Rain,Joe Bravo,Kelly Breen,51,0,0,0,2009,Kentucky Derby,62,51,0.07,Cloudy,Sloppy,153563
97,17,18,Nowhere to Hide,Shaun Bridgmohan,Nick Zito,51,0,0,0,2009,Kentucky Derby,62,51,0.07,Cloudy,Sloppy,153563
98,18,6,Friesan Fire,Gabriel Saez,Larry Jones,6,0,0,0,2009,Kentucky Derby,62,51,0.07,Cloudy,Sloppy,153563
99,19,20,Flying Private,Robby Albarado,D. Wayne Lukas,51,0,0,0,2009,Kentucky Derby,62,51,0.07,Cloudy,Sloppy,153563
100,1,4,Super Saver,Calvin Borel,Todd Pletcher,9,18,8.8,6.6,2010,Kentucky Derby,75,63,1.32,Cloudy,Sloppy,155804
101,2,2,Ice Box,Jose Lezcano,Nick Zito,12,0,11.2,8,2010,Kentucky Derby,75,63,1.32,Cloudy,Sloppy,155804
102,3,10,Paddy O'Prado,Kent Desormeaux,Dale Romans,13,0,0,7.4,2010,Kentucky Derby,75,63,1.32,Cloudy,Sloppy,155804
103,4,9,Make Music for Me,Joel Rosario,Alexis Barba,31,0,0,0,2010,Kentucky Derby,75,63,1.32,Cloudy,Sloppy,155804
104,5,3,Noble's Promise,Willie Martinez,Kenny McPeek,25,0,0,0,2010,Kentucky Derby,75,63,1.32,Cloudy,Sloppy,155804
105,6,1,Lookin At Lucky,Garrett Gomez,Bob Baffert,7,0,0,0,2010,Kentucky Derby,75,63,1.32,Cloudy,Sloppy,155804
106,7,17,Dublin,Terry Thompson,D. Wayne Lukas,21,0,0,0,2010,Kentucky Derby,75,63,1.32,Cloudy,Sloppy,155804
107,8,6,Statley Victor,Alan Garcia,Mike Maker,21,0,0,0,2010,Kentucky Derby,75,63,1.32,Cloudy,Sloppy,155804
108,9,14,Mission Impazible,Rajiv Maragh,Todd Pletcher,17,0,0,0,2010,Kentucky Derby,75,63,1.32,Cloudy,Sloppy,155804
109,10,11,Devil May Care,John Velazquez,Todd Pletcher,11,0,0,0,2010,Kentucky Derby,75,63,1.32,Cloudy,Sloppy,155804
110,11,7,American Lion,David Flores,Eoin Harty,24,0,0,0,2010,Kentucky Derby,75,63,1.32,Cloudy,Sloppy,155804
111,12,13,Jackson Bend,Mike Smith,Nick Zito,24,0,0,0,2010,Kentucky Derby,75,63,1.32,Cloudy,Sloppy,155804
112,13,15,Discreetly Mine,Javier Castellano,Todd Pletcher,32,0,0,0,2010,Kentucky Derby,75,63,1.32,Cloudy,Sloppy,155804
113,14,8,Dean's Kitten,Robby Albarado,Michael Maker,26,0,0,0,2010,Kentucky Derby,75,63,1.32,Cloudy,Sloppy,155804
114,15,12,Conveyance,Martin Garcia,Bob Baffert,28,0,0,0,2010,Kentucky Derby,75,63,1.32,Cloudy,Sloppy,155804
115,16,19,Homeboykris,Ramon Dominguez,"Richard Dutrow, Jr.",28,0,0,0,2010,Kentucky Derby,75,63,1.32,Cloudy,Sloppy,155804
116,17,20,Sidney's Candy,Joe Talamo,John Sadler,10,0,0,0,2010,Kentucky Derby,75,63,1.32,Cloudy,Sloppy,155804
117,18,5,Line of David,Rafael Bejarano,John Sadler,20,0,0,0,2010,Kentucky Derby,75,63,1.32,Cloudy,Sloppy,155804
118,19,16,Awesome Act,Julien Leparoux,Jeremy Noseda,12,0,0,0,2010,Kentucky Derby,75,63,1.32,Cloudy,Sloppy,155804
119,20,18,Backtalk,Miguel Mena,Tom Amoss,24,0,0,0,2010,Kentucky Derby,75,63,1.32,Cloudy,Sloppy,155804
120,1,16,Animal Kingdom,John Velazquez,Graham Motion,21,43.8,19.6,13,2011,Kentucky Derby,72,51,0,Clear,Fast,164858
121,2,19,Nehro,Cory Nakatani,Steve Asmussen,10,0,8.8,6.4,2011,Kentucky Derby,72,51,0,Clear,Fast,164858
122,3,13,Mucho Macho Man,Rajiv Maragh,Kathy Ritvo,10,0,0,7,2011,Kentucky Derby,72,51,0,Clear,Fast,164858
123,4,14,Shackleford,Jesus Castanon,Dale Romans,24,0,0,0,2011,Kentucky Derby,72,51,0,Clear,Fast,164858
124,5,11,Master of Hounds,Garret Gomez,Aidan O'Brien,17,0,0,0,2011,Kentucky Derby,72,51,0,Clear,Fast,164858
125,6,12,Santiva,Shaun Bridgmohan,Eddie Kenneally,34,0,0,0,2011,Kentucky Derby,72,51,0,Clear,Fast,164858
126,7,2,Brilliant Speed,Joel Roasario,Tom Albertrani,28,0,0,0,2011,Kentucky Derby,72,51,0,Clear,Fast,164858
127,8,8,Dialed In,Julien Leparoux,Nick Zito,6,0,0,0,2011,Kentucky Derby,72,51,0,Clear,Fast,164858
128,9,7,Pants on Fire,Rosie Napravnik,Kelly Breen,8,0,0,0,2011,Kentucky Derby,72,51,0,Clear,Fast,164858
129,10,3,Twice the Appeal,Calvin Borel,J. Bonde,12,0,0,0,2011,Kentucky Derby,72,51,0,Clear,Fast,164858
130,11,17,Soldat,Alan Garcia,Kiaran McLaughlin,15,0,0,0,2011,Kentucky Derby,72,51,0,Clear,Fast,164858
131,12,4,Stay Thirsty,Ramon Dominguez,Todd Pletcher,17,0,0,0,2011,Kentucky Derby,72,51,0,Clear,Fast,164858
132,13,9,Derby Kitten,Jose Castellano,Ken Ramsey,36,0,0,0,2011,Kentucky Derby,72,51,0,Clear,Fast,164858
133,14,5,Decisive Moment,Kirwin Clark,Juan Arias,39,0,0,0,2011,Kentucky Derby,72,51,0,Clear,Fast,164858
134,15,1,Archarcharch,John Court,Jinks Fires,14,0,0,0,2011,Kentucky Derby,72,51,0,Clear,Fast,164858
135,16,15,Midnight Interlude,Victor Espinoza,Bob Baffert,10,0,0,0,2011,Kentucky Derby,72,51,0,Clear,Fast,164858
136,17,10,Twinspired,Mike Smith,Mike Maker,32,0,0,0,2011,Kentucky Derby,72,51,0,Clear,Fast,164858
137,18,20,Watch Me Go,Rafael Bejarano,Kathleen O'Connell,33,0,0,0,2011,Kentucky Derby,72,51,0,Clear,Fast,164858
138,19,6,Comma to the Top,Pat Valenzuela,Peter Miller,35,0,0,0,2011,Kentucky Derby,72,51,0,Clear,Fast,164858
139,20,18,Uncle Mo,John Velazquez,Todd Pletcher,,0,0,0,2011,Kentucky Derby,72,51,0,Clear,Fast,164858
140,1,19,I'll Have Another,Mario Gutierrez,Doug O'Neill,16,32.6,19.8,9.6,2012,Kentucky Derby,83,65,1.46,Cloudy,Fast,165307
141,2,6,Bodemeister,Mike Smith,Bob Baffert,5,0,6.2,5.6,2012,Kentucky Derby,83,65,1.46,Cloudy,Fast,165307
142,3,5,Dullahan,Kent Desormeaux,Dale Romans,13,0,0,7.2,2012,Kentucky Derby,83,65,1.46,Cloudy,Fast,165307
143,4,13,Went The Day Well,John Velazquez,H. Graham Motion,31,0,0,0,2012,Kentucky Derby,83,65,1.46,Cloudy,Fast,165307
144,5,8,Creative Cause,Joel Rosario,Mike Harrington,13,0,0,0,2012,Kentucky Derby,83,65,1.46,Cloudy,Fast,165307
145,6,20,Liaison,Martin Garcia,Bob Baffert,57,0,0,0,2012,Kentucky Derby,83,65,1.46,Cloudy,Fast,165307
146,7,4,Union Rags,Julien Leparoux,Michael Matz,6,0,0,0,2012,Kentucky Derby,83,65,1.46,Cloudy,Fast,165307
147,8,7,Rousing Sermon,Jose Lezcano,Jerry Hollendorfer,41,0,0,0,2012,Kentucky Derby,83,65,1.46,Cloudy,Fast,165307
148,9,14,Hansen,Ramon Dominguez,Mike Maker,14,0,0,0,2012,Kentucky Derby,83,65,1.46,Cloudy,Fast,165307
149,10,10,Daddy Nose Best,Garrett Gomez,Steve Asmussen,15,0,0,0,2012,Kentucky Derby,83,65,1.46,Cloudy,Fast,165307
150,11,2,Optimizer,Jon Court,D. Wayne Lukas,43,0,0,0,2012,Kentucky Derby,83,65,1.46,Cloudy,Fast,165307
151,12,11,Alpha,Alan Garcia,Kiaran McLaughlin,20,0,0,0,2012,Kentucky Derby,83,65,1.46,Cloudy,Fast,165307
152,13,16,El Padrino,Rafael Bejarano,Todd Pletcher,8.25,0,0,0,2012,Kentucky Derby,83,65,1.46,Cloudy,Fast,165307
153,14,17,Done Talking,Sheldon Russell,Hamilton Smith,40,0,0,0,2012,Kentucky Derby,83,65,1.46,Cloudy,Fast,165307
154,15,18,Sabercat,Corey Nakatani,Steve Asmussen,38,0,0,0,2012,Kentucky Derby,83,65,1.46,Cloudy,Fast,165307
155,16,15,Gemologist,Javier Castellano,Todd Pletcher,9,0,0,0,2012,Kentucky Derby,83,65,1.46,Cloudy,Fast,165307
156,17,9,Trinniberg,Willie Martinez,Bisnath Parboo,45,0,0,0,2012,Kentucky Derby,83,65,1.46,Cloudy,Fast,165307
157,18,12,Prospective,Luis Contreras,Mark Casse,58,0,0,0,2012,Kentucky Derby,83,65,1.46,Cloudy,Fast,165307
158,19,3,Take Charge Indy,Calvin Borel,Patrick Byrne,13,0,0,0,2012,Kentucky Derby,83,65,1.46,Cloudy,Fast,165307
159,20,1,Daddy Long Legs,Colm O'Donoghue,Aidan O'Brien,27,0,0,0,2012,Kentucky Derby,83,65,1.46,Cloudy,Fast,165307
160,1,16,Orb,Joel Rosario,Shug McGaughey,7,12.8,7.4,5.4,2013,Kentucky Derby,64,53,0.87,Rainy,Sloppy,151616
161,2,4,Golden Soul,Robby Albarado,Dallas Stewart,51,0,38.6,19.4,2013,Kentucky Derby,64,53,0.87,Rainy,Sloppy,151616
162,3,3,Revolutionary,Calvin Borel,Todd Pletcher,7,0,0,5.4,2013,Kentucky Derby,64,53,0.87,Rainy,Sloppy,151616
163,4,5,Normandy Invasion,Javier Castellano,Chad Brown,9,0,0,0,2013,Kentucky Derby,64,53,0.87,Rainy,Sloppy,151616
164,5,6,Mylute,Rosie Napravnik,Tom Amoss,15,0,0,0,2013,Kentucky Derby,64,53,0.87,Rainy,Sloppy,151616
165,6,2,Oxbow,Gary Stevens,D. Wayne Lukas,24,0,0,0,2013,Kentucky Derby,64,53,0.87,Rainy,Sloppy,151616
166,7,11,Lines of Battle,Ryan Moore,Aidan O'Brien,33,0,0,0,2013,Kentucky Derby,64,53,0.87,Rainy,Sloppy,151616
167,8,17,Will Take Charge,Jon Court,D. Wayne Lukas,35,0,0,0,2013,Kentucky Derby,64,53,0.87,Rainy,Sloppy,151616
168,9,15,Charming Kitten,Edgar Pradio,Todd Pletcher,32,0,0,0,2013,Kentucky Derby,64,53,0.87,Rainy,Sloppy,151616
169,10,7,Giant Finish,Jose Espinoza,Tony Dutrow,37,0,0,0,2013,Kentucky Derby,64,53,0.87,Rainy,Sloppy,151616
170,11,9,Overanalyze,Rafael Bejarano,Todd Pletcher,16,0,0,0,2013,Kentucky Derby,64,53,0.87,Rainy,Sloppy,151616
171,12,10,Palace Malice,Mike Smith,Todd Pletcher,23,0,0,0,2013,Kentucky Derby,64,53,0.87,Rainy,Sloppy,151616
172,13,19,Java's War,Julien Leparoux,Kenny McPeek,27,0,0,0,2013,Kentucky Derby,64,53,0.87,Rainy,Sloppy,151616
173,14,14,Verrazano,John Velazquez,Todd Pletcher,9,0,0,0,2013,Kentucky Derby,64,53,0.87,Rainy,Sloppy,151616
174,15,12,Itsmyluckyday,Elvis Trujillo,Eddie Plesa Jr.,9,0,0,0,2013,Kentucky Derby,64,53,0.87,Rainy,Sloppy,151616
175,16,18,Frac Daddy,Victor Lebron,Kenny McPeek,24,0,0,0,2013,Kentucky Derby,64,53,0.87,Rainy,Sloppy,151616
176,17,8,Goldencents,Kevin Krigger,Doug O'Neill,8,0,0,0,2013,Kentucky Derby,64,53,0.87,Rainy,Sloppy,151616
177,18,20,Vyjack,Garrett Gomez,Rudy Rodriguez,26,0,0,0,2013,Kentucky Derby,64,53,0.87,Rainy,Sloppy,151616
178,19,13,Falling Sky,Luis Saez,John Terranova II,38,0,0,0,2013,Kentucky Derby,64,53,0.87,Rainy,Sloppy,151616
179,20,1,Black Onyx,Joe Bravo,Kelly Breen,,0,0,0,2013,Kentucky Derby,64,53,0.87,Rainy,Sloppy,151616
180,1,5,California Chrome,Victor Espinoza, Art Sherman,3.5,7,5.6,4.2,2014,Kentucky Derby,73,45,0,Clear,Fast,164906
181,2,17,Commanding Curve,Shaun Bridgmohan, Dallas Stewart,38,0,31.8,15.4,2014,Kentucky Derby,73,45,0,Clear,Fast,164906
182,3,4,Danza,Joe Bravo, Todd Pletcher,9,0,0,6,2014,Kentucky Derby,73,45,0,Clear,Fast,164906
183,4,20,Wicked Strong,Rajiv Maragh, Steve Asmussen,7,0,0,0,2014,Kentucky Derby,73,45,0,Clear,Fast,164906
184,5,6,Samraat,Jose Ortiz, Rick Violette Jr.,17,0,0,0,2014,Kentucky Derby,73,45,0,Clear,Fast,164906
185,6,12,Dance With Fate,Corey Nakatani, Peter Eurton,17,0,0,0,2014,Kentucky Derby,73,45,0,Clear,Fast,164906
186,7,19,Ride On Curlin,Calvin Borel, William G. Gowan,18,0,0,0,2014,Kentucky Derby,73,45,0,Clear,Fast,164906
187,8,14,Medal Count,Robby Albarado, Dale Romans,27,0,0,0,2014,Kentucky Derby,73,45,0,Clear,Fast,164906
188,9,13,Chitu,Martin Garcia, Bob Baffert,26,0,0,0,2014,Kentucky Derby,73,45,0,Clear,Fast,164906
189,10,7,We Miss Artie,Javier Castellano, Todd Pletcher,28,0,0,0,2014,Kentucky Derby,73,45,0,Clear,Fast,164906
190,11,8,General A Rod,Joel Rosario, Mike Maker,31,0,0,0,2014,Kentucky Derby,73,45,0,Clear,Fast,164906
191,12,16,Intense Holiday,John Velazquez, Todd Pletcher,15,0,0,0,2014,Kentucky Derby,73,45,0,Clear,Fast,164906
192,13,18,Candy Boy,Gary Stevens, John Sadler,10,0,0,0,2014,Kentucky Derby,73,45,0,Clear,Fast,164906
193,14,3,Uncle Sigh,Irad Ortiz Jr., Gary Contessa,31,0,0,0,2014,Kentucky Derby,73,45,0,Clear,Fast,164906
194,15,15,Tapiture,"Ricardo Santana Jr.	 ",Steve Asmussen,36,0,0,0,2014,Kentucky Derby,73,45,0,Clear,Fast,164906
195,16,2,Harry's Holiday,Corey Lanerie, Mike Maker,45,0,0,0,2014,Kentucky Derby,73,45,0,Clear,Fast,164906
196,17,9,Vinceremos,Joe Rocco Jr., Todd Pletcher,50,0,0,0,2014,Kentucky Derby,73,45,0,Clear,Fast,164906
197,18,10,Wildcat Red,Luis Saez, Jose Garoffalo,19,0,0,0,2014,Kentucky Derby,73,45,0,Clear,Fast,164906
198,19,1,Vicar's In Trouble,Rosie Napravnik, Mike Maker,21,0,0,0,2014,Kentucky Derby,73,45,0,Clear,Fast,164906
199,20,11,Hoppertunity,Mike Smith, Bob Baffert,,0,0,0,2014,Kentucky Derby,73,45,0,Clear,Fast,164906
200,1,18,American Pharoah,Victor Espinoza,Bob Baffert,3.5,7.8,5.8,4.2,2015,Kentucky Derby,79,52,0,Clear,Fast,170513
201,2,10,Firing Line,Gary Stevens,Simon Callaghan,11,0,8.4,5.4,2015,Kentucky Derby,79,52,0,Clear,Fast,170513
202,3,8,Dortmund,Martin Garcia,Bob Baffert,5,0,0,4.2,2015,Kentucky Derby,79,52,0,Clear,Fast,170513
203,4,15,Frosted,Joel Rosario,Kiaran McLaughlin,11,0,0,0,2015,Kentucky Derby,79,52,0,Clear,Fast,170513
204,5,5,Danzig Moon,Julien Leparoux,Mark Casse,24,0,0,0,2015,Kentucky Derby,79,52,0,Clear,Fast,170513
205,6,3,Materiality,Javier Castellano,Todd Pletcher,,0,0,0,2015,Kentucky Derby,79,52,0,Clear,Fast,170513
206,7,14,Keen Ice,Kent Desormeaux,Dale Romans,47,0,0,0,2015,Kentucky Derby,79,52,0,Clear,Fast,170513
207,8,6,Mubtaahij,Christophe Soumillon,Mike de Kock,15,0,0,0,2015,Kentucky Derby,79,52,0,Clear,Fast,170513
208,9,13,Itsaknockout,Luis Saez,Todd Pletcher,32,0,0,0,2015,Kentucky Derby,79,52,0,Clear,Fast,170513
209,10,2,Carpe Diem,John Velazquez,Todd Pletcher,9,0,0,0,2015,Kentucky Derby,79,52,0,Clear,Fast,170513
210,11,21,Frammento,Corey Nakatani,Nick Zito,71,0,0,0,2015,Kentucky Derby,79,52,0,Clear,Fast,170513
211,12,9,Bolo,Rafael Bejarano,Carla Gaines,31,0,0,0,2015,Kentucky Derby,79,52,0,Clear,Fast,170513
212,13,17,Mr. Z,Ramon Vazquez,D Wayne Lukas,38,0,0,0,2015,Kentucky Derby,79,52,0,Clear,Fast,170513
213,14,1,Ocho Ocho Ocho,Elvis Trujillo,Jim Cassidy,27,0,0,0,2015,Kentucky Derby,79,52,0,Clear,Fast,170513
214,15,20,Far Right,Mike Smith,Ron Moquett,40,0,0,0,2015,Kentucky Derby,79,52,0,Clear,Fast,170513
215,16,16,War Story,Joe Talamo,Tom Amoss,46,0,0,0,2015,Kentucky Derby,79,52,0,Clear,Fast,170513
216,17,4,Tencendur,Manny Franco,George Weaver,53,0,0,0,2015,Kentucky Derby,79,52,0,Clear,Fast,170513
217,18,19,Upstart,Jose Ortiz,"Rick Violette, Jr.",17,0,0,0,2015,Kentucky Derby,79,52,0,Clear,Fast,170513
218,19,11,Stanford,Florent Geroux,Todd Pletcher,,0,0,0,2015,Kentucky Derby,79,52,0,Clear,Fast,170513
219,20,12,International Star,Miguel Mena,Mike Maker,,0,0,0,2015,Kentucky Derby,79,52,0,Clear,Fast,170513
220,21,7,El Kabeir,Calvin Borel,"John Terranova, III",,0,0,0,2015,Kentucky Derby,79,52,0,Clear,Fast,170513
221,1,13,Nyquist,Mario Gutierrez,Doug F. O'Neill,3,6.6,4.8,3.6,2016,Kentucky Derby,85,59,0.28,Clear,Fast,167227
222,2,11,Exaggerator,Kent J. Desormeaux,J. Keith Desormeaux,6,0,5.4,4.2,2016,Kentucky Derby,85,59,0.28,Clear,Fast,167227
223,3,5,Gun Runner,Florent Geroux,Steven M. Asmussen,11,0,0,6,2016,Kentucky Derby,85,59,0.28,Clear,Fast,167227
224,4,14,Mohaymen,Junior Alvarado,Kiaran P. McLaughlin,13,0,0,0,2016,Kentucky Derby,85,59,0.28,Clear,Fast,167227
225,5,2,Suddenbreakingnews,Luis S. Quinonez,Donnie K. Von Hemel,25,0,0,0,2016,Kentucky Derby,85,59,0.28,Clear,Fast,167227
226,6,9,Destin,Javier Castellano,Todd Pletcher,21,0,0,0,2016,Kentucky Derby,85,59,0.28,Clear,Fast,167227
227,7,19,Brody's Cause,Luis Saez,Dale L. Romans,25,0,0,0,2016,Kentucky Derby,85,59,0.28,Clear,Fast,167227
228,8,4,Mo Tom,Corey J. Lanerie,Thomas M. Amoss,26,0,0,0,2016,Kentucky Derby,85,59,0.28,Clear,Fast,167227
229,9,8,Lani,Yutaka Take,Mikio Matsunaga,30,0,0,0,2016,Kentucky Derby,85,59,0.28,Clear,Fast,167227
230,10,17,Mor Spirit,Gary L. Stevens,Bob Baffert,13,0,0,0,2016,Kentucky Derby,85,59,0.28,Clear,Fast,167227
231,11,6,My Man Sam,Julien R. Leparoux,Chad C. Brown,20,0,0,0,2016,Kentucky Derby,85,59,0.28,Clear,Fast,167227
232,12,12,Tom's Ready,"Brian Joseph Hernandez, Jr.",Dallas Stewart,49,0,0,0,2016,Kentucky Derby,85,59,0.28,Clear,Fast,167227
233,13,3,Creator,"Ricardo Santana, Jr.",Steven M. Asmussen,17,0,0,0,2016,Kentucky Derby,85,59,0.28,Clear,Fast,167227
234,14,15,Outwork,John R. Velazquez,Todd Pletcher,27,0,0,0,2016,Kentucky Derby,85,59,0.28,Clear,Fast,167227
235,15,20,Danzing Candy,Mike Smith,"Clifford W. Sise, Jr.",27,0,0,0,2016,Kentucky Derby,85,59,0.28,Clear,Fast,167227
236,16,1,Trojan Nation,Aaron T. Gryder,Patrick Gallagher,42,0,0,0,2016,Kentucky Derby,85,59,0.28,Clear,Fast,167227
237,17,7,Oscar Nominated,Robby Albarado,Michael J. Maker,42,0,0,0,2016,Kentucky Derby,85,59,0.28,Clear,Fast,167227
238,18,18,Majesto,Javier Castellano,Gustavo Delgado,57,0,0,0,2016,Kentucky Derby,85,59,0.28,Clear,Fast,167227
239,19,10,Whitmore,Victor Espinoza,Ron Moquett,31,0,0,0,2016,Kentucky Derby,85,59,0.28,Clear,Fast,167227
240,20,16,Shagaf,"Irad Ortiz, Jr.",Chad Brown,56,0,0,0,2016,Kentucky Derby,85,59,0.28,Clear,Fast,167227
241,1,5,Always Dreaming,John R. Velazquez,Todd A. Pletcher,5.5,11.4,7.2,5.8,2017,Kentucky Derby,62,42,0.12,Clear,Muddy,158070
242,2,1,Lookin At Lee,Corey J. Lanerie,Steven M. Asmussen,34,0,26.6,15.2,2017,Kentucky Derby,62,42,0.12,Clear,Muddy,158070
243,3,11,Battle of Midway,Flavien Prat,Jerry Hollendorfer,41,0,0,20.8,2017,Kentucky Derby,62,42,0.12,Clear,Muddy,158070
244,4,14,Classic Empire,Julien R. Leparoux,Mark E. Casse,7,0,0,0,2017,Kentucky Derby,62,42,0.12,Clear,Muddy,158070
245,5,19,Practical Joke,Joel Rosario,Chad C. Brown,28,0,0,0,2017,Kentucky Derby,62,42,0.12,Clear,Muddy,158070
246,6,16,Tapwrit,Jose L. Ortiz,Todd A. Pletcher,28,0,0,0,2017,Kentucky Derby,62,42,0.12,Clear,Muddy,158070
247,7,10,Gunnevera,Javier Castellano,Antonio Sano,11,0,0,0,2017,Kentucky Derby,62,42,0.12,Clear,Muddy,158070
248,8,15,McCraken,"Brian Hernandez, Jr.",Ian R. Wilkes,7,0,0,0,2017,Kentucky Derby,62,42,0.12,Clear,Muddy,158070
249,9,18,Gormley,Victor Espinoza,John A. Shirreffs,23,0,0,0,2017,Kentucky Derby,62,42,0.12,Clear,Muddy,158070
250,10,17,Irish War Cry,Rajiv Maragh,H. Graham Motion,6,0,0,0,2017,Kentucky Derby,62,42,0.12,Clear,Muddy,158070
251,11,8,Hence,Florent Geroux,Steven M. Asmussen,16,0,0,0,2017,Kentucky Derby,62,42,0.12,Clear,Muddy,158070
252,12,4,Untrapped,"Ricardo Santana, Jr.",Steven M. Asmussen,59,0,0,0,2017,Kentucky Derby,62,42,0.12,Clear,Muddy,158070
253,13,7,Girvin,Mike E. Smith,Joe Sharp,23,0,0,0,2017,Kentucky Derby,62,42,0.12,Clear,Muddy,158070
254,14,20,Patch,Tyler Gaffalione,Todd A. Pletcher,15,0,0,0,2017,Kentucky Derby,62,42,0.12,Clear,Muddy,158070
255,15,13,J Boys Echo,Robby Albarado,Dale L. Romans,48,0,0,0,2017,Kentucky Derby,62,42,0.12,Clear,Muddy,158070
256,16,12,Sonneteer,Kent J. Desormeaux,J. Keith Desormeaux,40,0,0,0,2017,Kentucky Derby,62,42,0.12,Clear,Muddy,158070
257,17,3,Fast and Accurate,Channing Hill,Michael J. Maker,42,0,0,0,2017,Kentucky Derby,62,42,0.12,Clear,Muddy,158070
258,18,9,Irap,Mario Gutierrez,Doug F. O'Neill,42,0,0,0,2017,Kentucky Derby,62,42,0.12,Clear,Muddy,158070
259,19,6,State of Honor,Mark E. Casse,Jose Lezcano,55,0,0,0,2017,Kentucky Derby,62,42,0.12,Clear,Muddy,158070
260,20,2,Thunder Snow (IRE),Christophe Soumillon,Saeed bin Suroor,17,0,0,0,2017,Kentucky Derby,62,42,0.12,Clear,Muddy,158070
302,1,1,Afleet Alex,Jeremy Rose,Tim Ritchey,2.2,4.3,3.6,3,2005,Belmont Stakes,78.1,64,0,Cloudy,Fast,62274
303,2,2,Andromeda's Hero,Rafael Bejarano,Nicholas Zito,13,0,8.2,5.8,2005,Belmont Stakes,78.1,64,0,Cloudy,Fast,62274
304,3,3,Nolan's Cat,N. Arroyo Jr.,Dale L. Romans,51,0,0,7.2,2005,Belmont Stakes,78.1,64,0,Cloudy,Fast,62274
305,4,4,Indy Storm,Edgar Prado,Nicholas Zito,21,0,0,0,2005,Belmont Stakes,78.1,64,0,Cloudy,Fast,62274
306,5,5,A.P. Arrow,Jerry Bailey,D. Wayne Lukas,51,0,0,0,2005,Belmont Stakes,78.1,64,0,Cloudy,Fast,62274
307,6,6,Chekhov,Gary Stevens,Patrick Biancone,31,0,0,0,2005,Belmont Stakes,78.1,64,0,Cloudy,Fast,62274
308,7,7,Giacomo,Mike Smith,John Shirreffs,4.5,0,0,0,2005,Belmont Stakes,78.1,64,0,Cloudy,Fast,62274
309,8,8,Southern Africa,Jon Court,Michael Puhich,19,0,0,0,2005,Belmont Stakes,78.1,64,0,Cloudy,Fast,62274
310,9,9,Watchmon,TBA,Patrick Reynolds,76,0,0,0,2005,Belmont Stakes,78.1,64,0,Cloudy,Fast,62274
311,10,10,Reverberate,Jose Santos,Sal Russo,13,0,0,0,2005,Belmont Stakes,78.1,64,0,Cloudy,Fast,62274
312,11,11,Pinpoint,John Velazquez,Nicholas Zito,21,0,0,0,2005,Belmont Stakes,78.1,64,0,Cloudy,Fast,62274
313,1,1,Jazil,Fernando Jara,Kiaran McLaughlin,7,14.4,6.7,4.7,2006,Belmont Stakes,75.9,57,0,Clear,Fast,61168
314,2,2,Bluegrass Cat,John Velazquez,Todd Pletcher,6,0,6.4,4.7,2006,Belmont Stakes,75.9,57,0,Clear,Fast,61168
315,3,3,Sunriver,Rafael Bejarano,Todd Pletcher,7,0,0,6.1,2006,Belmont Stakes,75.9,57,0,Clear,Fast,61168
316,4,4,Steppenwolfer,Robby Albarado,Daniel Peitz,6,0,0,0,2006,Belmont Stakes,75.9,57,0,Clear,Fast,61168
317,5,5,Oh So Awesome,Mike Smith,James A. Jerkens,13,0,0,0,2006,Belmont Stakes,75.9,57,0,Clear,Fast,61168
318,6,6,Hemingway's Key,Jeremy Rose,Nick Zito,16,0,0,0,2006,Belmont Stakes,75.9,57,0,Clear,Fast,61168
319,7,7,Platinum Couple,Jose Espinoza,Joseph Lostritto,39,0,0,0,2006,Belmont Stakes,75.9,57,0,Clear,Fast,61168
320,8,8,Bob and John,Garrett Gomez,Bob Baffert,5.5,0,0,0,2006,Belmont Stakes,75.9,57,0,Clear,Fast,61168
321,9,9,Sacred Light,Victor Espinoza,David Hofmans,21,0,0,0,2006,Belmont Stakes,75.9,57,0,Clear,Fast,61168
322,10,10,High Finance,Eibar Coa,Richard Violette Jr.,11,0,0,0,2006,Belmont Stakes,75.9,57,0,Clear,Fast,61168
323,11,11,Deputy Glitters,Edgar Prado,Tom Albertrani,13,0,0,0,2006,Belmont Stakes,75.9,57,0,Clear,Fast,61168
324,12,12,Double Galore,Mike Luzzi,Myung Kwon Cho,16,0,0,0,2006,Belmont Stakes,75.9,57,0,Clear,Fast,61168
325,1,7,Rags to Riches,John Velazquez,Todd Pletcher,4,10.6,44.4,3.2,2007,Belmont Stakes,81,62.1,0,Clear,Fast,46870
326,2,3,Curlin,Robby Albarado,Steve Asmussen,2.2,0,3,2.3,2007,Belmont Stakes,81,62.1,0,Clear,Fast,46870
327,3,2,Tiago,Mike Smith,John Shirreffs,11,0,0,3.7,2007,Belmont Stakes,81,62.1,0,Clear,Fast,46870
328,4,6,Hard Spun,Garrett Gomez,J. Larry Jones,3.5,0,0,0,2007,Belmont Stakes,81,62.1,0,Clear,Fast,46870
329,5,4,C P West,Edgar Prado,Nick Zito,13,0,0,0,2007,Belmont Stakes,81,62.1,0,Clear,Fast,46870
330,6,1,Imawildandcrazyguy,Mark Guidry,BillÂ Kaplan,21,0,0,0,2007,Belmont Stakes,81,62.1,0,Clear,Fast,46870
331,7,5,Slewâs Tizzy,Rafael Bejarano,Greg Fox,21,0,0,0,2007,Belmont Stakes,81,62.1,0,Clear,Fast,46870
332,1,6,Da' Tara,Alan Garcia,Nick Zito,40,79,28,14.8,2008,Belmont Stakes,82.9,57.9,0,Clear,Fast,94476
333,2,4,Denis of Cork,Robby Albarado,David M. Carroll,7,0,5.4,4.1,2008,Belmont Stakes,82.9,57.9,0,Clear,Fast,94476
334,3,8,Anak Nakal,Julien Leparoux,Nick Zito,35,0,0,7.6,2008,Belmont Stakes,82.9,57.9,0,Clear,Fast,94476
335,4,9,Ready's Echo,John Velazquez,Todd Pletcher,31,0,0,6.2,2008,Belmont Stakes,82.9,57.9,0,Clear,Fast,94476
336,5,3,Macho Again,Garrett Gomez,Dallas Stewart,18,0,0,0,2008,Belmont Stakes,82.9,57.9,0,Clear,Fast,94476
337,6,7,Tale of Ekati,Eibar Coa,Barclay Tagg,15,0,0,0,2008,Belmont Stakes,82.9,57.9,0,Clear,Fast,94476
338,7,2,Guadalcanal,Javier Castellano,Frederick J.Â Seitz,23,0,0,0,2008,Belmont Stakes,82.9,57.9,0,Clear,Fast,94476
339,8,10,Icabad Crane,Jeremy Rose,H. Graham Motion,16,0,0,0,2008,Belmont Stakes,82.9,57.9,0,Clear,Fast,94476
340,9,1,Big Brown,Kent Desormeaux,Rick Dutrow Jr.,1.25,0,0,0,2008,Belmont Stakes,82.9,57.9,0,Clear,Fast,94476
341,1,4,Summer Bird,Ken Desormeaux,Tim Ice,13,25.4,9.3,4.7,2009,Belmont Stakes,72,57,0,Clear,Fast,52186
342,2,2,Dunkirk,John Velazquez,Todd Pletcher,5.5,0,5.4,3.6,2009,Belmont Stakes,72,57,0,Clear,Fast,52186
343,3,7,Mine That Bird,Calvin Borel,Chip Woolley Jr.,3,0,0,2.6,2009,Belmont Stakes,72,57,0,Clear,Fast,52186
344,4,6,Charitable Man,Alan Garcia,Kiaran McLaughlin,5.5,0,0,0,2009,Belmont Stakes,72,57,0,Clear,Fast,52186
345,5,5,Luv Gov,Miguel Mena,D. Wayne Lukas,23,0,0,0,2009,Belmont Stakes,72,57,0,Clear,Fast,52186
346,6,8,Flying Private,Julian Leparoux,D. Wayne Lukas,18,0,0,0,2009,Belmont Stakes,72,57,0,Clear,Fast,52186
347,7,10,Brave Victory,Rajiv Maragh,Nick Zito,29,0,0,0,2009,Belmont Stakes,72,57,0,Clear,Fast,52186
348,8,3,Mr. Hot Stuff,Edgar Prado,Eoin Harty,24,0,0,0,2009,Belmont Stakes,72,57,0,Clear,Fast,52186
349,9,1,Chocolate Candy,Garrett Gomez,Jerry Hollendorfer,11,0,0,0,2009,Belmont Stakes,72,57,0,Clear,Fast,52186
350,10,9,Miner's Escape,Jose Lezcano,Nick Zito,23,0,0,0,2009,Belmont Stakes,72,57,0,Clear,Fast,52186
351,1,1,Drosselmeyer,Mike Smith,William Mott,14,28,11.6,7.7,2010,Belmont Stakes,90,70,0,Clear,Fast,45243
352,2,2,Fly Down,John Velazquez,Nick Zito,6,0,6.8,5.1,2010,Belmont Stakes,90,70,0,Clear,Fast,45243
353,3,3,First Dude,Ramon Dominguez,Dale Romans,6,0,0,4.9,2010,Belmont Stakes,90,70,0,Clear,Fast,45243
354,4,4,Game On Dude,Martin Garcia,Bob Baffert,18,0,0,0,2010,Belmont Stakes,90,70,0,Clear,Fast,45243
355,5,5,Stay Put,Jamie Theriot,Steve Margolis,27,0,0,0,2010,Belmont Stakes,90,70,0,Clear,Fast,45243
356,6,6,Interactif,Javier Castellano,Todd Pletcher,20,0,0,0,2010,Belmont Stakes,90,70,0,Clear,Fast,45243
357,7,7,Stately Victor,Alan Garcia,Michael Maker,15,0,0,0,2010,Belmont Stakes,90,70,0,Clear,Fast,45243
358,8,8,Ice Box,Jose Lezcano,Nick Zito,2.8,0,0,0,2010,Belmont Stakes,90,70,0,Clear,Fast,45243
359,9,9,Make Music for Me,Joel Rosario,Alexis Barba,13,0,0,0,2010,Belmont Stakes,90,70,0,Clear,Fast,45243
360,10,10,Dave in Dixie,Calvin Borel,John Sadler,15,0,0,0,2010,Belmont Stakes,90,70,0,Clear,Fast,45243
361,11,11,Spangled Star,Garrett Gomez,Richard Dutrow Jr.,24,0,0,0,2010,Belmont Stakes,90,70,0,Clear,Fast,45243
362,12,12,Uptowncharlybrown,Rajiv Maragh,Linda White,11,0,0,0,2010,Belmont Stakes,90,70,0,Clear,Fast,45243
363,1,3,Ruler On Ice,Jose Valdivia Jr.,Kelly Breen,25,51.5,26,13.6,2011,Belmont Stakes,75.9,62.6,0.2,Cloudy,Sloppy,47562
364,2,2,Stay Thirsty,Javier Castellano,Todd Pletcher,17,0,19.4,10.8,2011,Belmont Stakes,75.9,62.6,0.2,Cloudy,Sloppy,47562
365,3,5,Brilliant Speed,Joel Rosario,Tom Albertrani,11,0,0,7.9,2011,Belmont Stakes,75.9,62.6,0.2,Cloudy,Sloppy,47562
366,4,6,Nehro,Corey Nakatani,Steve Asmussen,5.5,0,0,0,2011,Belmont Stakes,75.9,62.6,0.2,Cloudy,Sloppy,47562
367,5,12,Shackleford,Jesus Castanon,Dale Romans,8,0,0,0,2011,Belmont Stakes,75.9,62.6,0.2,Cloudy,Sloppy,47562
368,6,9,Animal Kingdom,John Velazquez,Graham Motion,3.5,0,0,0,2011,Belmont Stakes,75.9,62.6,0.2,Cloudy,Sloppy,47562
369,7,10,Mucho Macho Man,Ramon Dominguez,Kathy Ritvo,8,0,0,0,2011,Belmont Stakes,75.9,62.6,0.2,Cloudy,Sloppy,47562
370,8,4,Santiva,Shaun Bridgmohan,Eddie Kenneally,14,0,0,0,2011,Belmont Stakes,75.9,62.6,0.2,Cloudy,Sloppy,47562
371,9,7,Monzon,Jose Lezcano,Ignacio Correas IV,27,0,0,0,2011,Belmont Stakes,75.9,62.6,0.2,Cloudy,Sloppy,47562
372,10,1,Master of Hounds,Garrett Gomez,Aidan O'Brien,6,0,0,0,2011,Belmont Stakes,75.9,62.6,0.2,Cloudy,Sloppy,47562
373,11,8,Prime Cut,Edgar Prado,Neil Howard,21,0,0,0,2011,Belmont Stakes,75.9,62.6,0.2,Cloudy,Sloppy,47562
374,12,11,Isn't He Perfect,Rajiv Maragh,Doodnauth Shivmangal,29,0,0,0,2011,Belmont Stakes,75.9,62.6,0.2,Cloudy,Sloppy,47562
375,1,3,Union Rags,John Velazquez,Mike Matz,4,7.5,4.2,3.4,2012,Belmont Stakes,80.1,59,0,Cloudy,Fast,85811
376,2,9,Paynter,Mike Smith,Bob Baffert,5,0,5.1,3.9,2012,Belmont Stakes,80.1,59,0,Cloudy,Fast,85811
377,3,4,Atigun,Julian Leparoux,Ken McPeek,22,0,0,10.6,2012,Belmont Stakes,80.1,59,0,Cloudy,Fast,85811
378,4,1,Street Life,Jose Lezcano,Chad Brown,11,0,0,0,2012,Belmont Stakes,80.1,59,0,Cloudy,Fast,85811
379,5,7,Five Sixteen,Rosie Napravnik,Dominick Schettino,20,0,0,0,2012,Belmont Stakes,80.1,59,0,Cloudy,Fast,85811
380,6,2,Unstoppable U,Junior Alvarado,Ken McPeek,13,0,0,0,2012,Belmont Stakes,80.1,59,0,Cloudy,Fast,85811
381,7,5,Dullahan,Javier Castellano,Dale Romans,3.5,0,0,0,2012,Belmont Stakes,80.1,59,0,Cloudy,Fast,85811
382,8,12,My Adonis,Ramon Dominguez,Kelly Green,21,0,0,0,2012,Belmont Stakes,80.1,59,0,Cloudy,Fast,85811
383,9,6,Ravelo's Boy,Alex Solis,M. Azpurua Azpurua,13,0,0,0,2012,Belmont Stakes,80.1,59,0,Cloudy,Fast,85811
384,10,10,Optimizer,Cory Nakatani,D. Wayne Lukas,36,0,0,0,2012,Belmont Stakes,80.1,59,0,Cloudy,Fast,85811
385,11,8,Guyana Star Dweej,Kent Desormeaux,Doodnauth Shivmangal,24,0,0,0,2012,Belmont Stakes,80.1,59,0,Cloudy,Fast,85811
386,12,11,I'll Have Another,Mario Gutierrez,Doug O'Neill,1.8,0,0,0,2012,Belmont Stakes,80.1,59,0,Cloudy,Fast,85811
387,1,12,Palace Malice,Mike Smith,Todd Pletcher,16,29.6,11.2,6.7,2013,Belmont Stakes,75.9,57,4.11,Clear,Fast,55779
388,2,7,Oxbow,Gary Stevens,D. Wayne Lukas,10,0,9.9,6.1,2013,Belmont Stakes,75.9,57,4.11,Clear,Fast,55779
389,3,5,Orb,Joel Rosario,Shug McGaughey,,0,0,3.9,2013,Belmont Stakes,75.9,57,4.11,Clear,Fast,55779
390,4,6,Incognito,Irad Ortiz Jr.,Kiaran McLaughlin,11,0,0,0,2013,Belmont Stakes,75.9,57,4.11,Clear,Fast,55779
391,5,9,Revolutionary,Calvin Borel,Todd Pletcher,6,0,0,0,2013,Belmont Stakes,75.9,57,4.11,Clear,Fast,55779
392,6,13,Unlimited Budget,Javier Castellano,Todd A. Pletcher,14,0,0,0,2013,Belmont Stakes,75.9,57,4.11,Clear,Fast,55779
393,7,3,Overanalyze,Rafael Bejarano,Todd Pletcher,11,0,0,0,2013,Belmont Stakes,75.9,57,4.11,Clear,Fast,55779
394,8,11,Vyjack,Julien Leparoux,Rudy Rodriguez,29,0,0,0,2013,Belmont Stakes,75.9,57,4.11,Clear,Fast,55779
395,9,14,Golden Soul,Robby Albarado,Dallas Stewart,12,0,0,0,2013,Belmont Stakes,75.9,57,4.11,Clear,Fast,55779
396,10,10,Will Take Charge,Jon Court,D. Wayne Lukas,22,0,0,0,2013,Belmont Stakes,75.9,57,4.11,Clear,Fast,55779
397,11,4,Giant Finish,Jose Espinoza,Tony Dutrow,32,0,0,0,2013,Belmont Stakes,75.9,57,4.11,Clear,Fast,55779
398,12,8,Midnight Taboo,Garrett Gomez,Todd Pletcher,29,0,0,0,2013,Belmont Stakes,75.9,57,4.11,Clear,Fast,55779
399,13,2,Freedom Child,Luis Saez,Thomas Albertrani,10,0,0,0,2013,Belmont Stakes,75.9,57,4.11,Clear,Fast,55779
400,14,1,Frac Daddy,Alan Garcia,Kenneth McPeek,30,0,0,0,2013,Belmont Stakes,75.9,57,4.11,Clear,Fast,55779
401,1,11,Tonalist,Joel Rosario,Christophe Clement,10,20.4,9.6,7,2014,Belmont Stakes,80.1,61,0,Clear,Fast,102199
402,2,8,Commissioner,Javier Castellano,Todd Pletcher,28,0,23.2,13.2,2014,Belmont Stakes,80.1,61,0,Clear,Fast,102199
403,3,1,Medal Count,Robby Albarado,Dale L. Romans,27,0,0,13.2,2014,Belmont Stakes,80.1,61,0,Clear,Fast,102199
404,4,9,Wicked Strong,Rajiv Maragh,Jimmy Jerkens,6,0,0,0,2014,Belmont Stakes,80.1,61,0,Clear,Fast,102199
405,5,2,California Chrome,Victor Espinoza,Art Sherman,1.8,0,0,0,2014,Belmont Stakes,80.1,61,0,Clear,Fast,102199
406,6,7,Samraat,Jose Ortiz,Rick Violette,20,0,0,0,2014,Belmont Stakes,80.1,61,0,Clear,Fast,102199
407,7,10,General a Rod,Rosie Napravnik,Mike Maker,37,0,0,0,2014,Belmont Stakes,80.1,61,0,Clear,Fast,102199
408,8,3,Matterhorn,Joe Bravo,Todd Pletcher,39,0,0,0,2014,Belmont Stakes,80.1,61,0,Clear,Fast,102199
409,9,4,Commanding Curve,Shaun Bridgmohan,Dallas Stewart,9,0,0,0,2014,Belmont Stakes,80.1,61,0,Clear,Fast,102199
410,10,6,Matuszak,Mike Smith,Bill Mott,32,0,0,0,2014,Belmont Stakes,80.1,61,0,Clear,Fast,102199
411,11,5,Ride On Curlin,John Velazquez,Billy Gowan,8,0,0,0,2014,Belmont Stakes,80.1,61,0,Clear,Fast,102199
412,1,5,American Pharoah,Victor Espinoza,Bob Baffert,1.6,3.5,2.8,2.5,2015,Belmont Stakes,79,57,0.2,Clear,Fast,90000
413,2,6,Frosted,Joel Rosario,Kiaran McLaughlin,6,0,3.5,2.9,2015,Belmont Stakes,79,57,0.2,Clear,Fast,90000
414,3,7,Keen Ice ,Kent Desormeaux,Dale Romans,21,0,0,4.6,2015,Belmont Stakes,79,57,0.2,Clear,Fast,90000
415,4,1,Mubtaahij ,"Irad Ortiz, Jr.",Mike De Kock,11,0,0,0,2015,Belmont Stakes,79,57,0.2,Clear,Fast,90000
416,5,4,Frammento,Mike Smith,Nick Zito,31,0,0,0,2015,Belmont Stakes,79,57,0.2,Clear,Fast,90000
417,6,3,Madefromlucky ,Javier Castellano,Todd Pletcher,13,0,0,0,2015,Belmont Stakes,79,57,0.2,Clear,Fast,90000
418,7,2,Tale Of Verve ,Gary Stevens,Dallas Stewart,16,0,0,0,2015,Belmont Stakes,79,57,0.2,Clear,Fast,90000
419,8,8,Materiality ,John Velazquez,Todd Pletcher,7,0,0,0,2015,Belmont Stakes,79,57,0.2,Clear,Fast,90000
420,1,13,Creator,Irad Ortiz Jr.,Steve Asmussen,16,34.8,14.6,9.4,2016,Belmont Stakes,82,57.9,0,Clear,Fast,60114
421,2,2,Destin,Javier Castellano,Todd Pletcher,11,0,9.4,6.2,2016,Belmont Stakes,82,57.9,0,Clear,Fast,60114
422,3,10,Lani,Yutaka Take,Mikio Matsunaga,12,0,0,6.6,2016,Belmont Stakes,82,57.9,0,Clear,Fast,60114
423,4,1,Governor Malibu,Joel Rosario,Christophe Clement,21,0,0,0,2016,Belmont Stakes,82,57.9,0,Clear,Fast,60114
424,5,12,Brodys Cause,Luis Saez,Dale Romans,22,0,0,0,2016,Belmont Stakes,82,57.9,0,Clear,Fast,60114
425,6,3,Cherry Wine,Corey J. Lanerie,Dale Romans,10,0,0,0,2016,Belmont Stakes,82,57.9,0,Clear,Fast,60114
426,7,11,Exaggerator,Kent Desormeaux,Keith Desormeaux,2.2,0,0,0,2016,Belmont Stakes,82,57.9,0,Clear,Fast,60114
427,8,8,Forever dOro,Jose Ortiz,Dallas Stewart,61,0,0,0,2016,Belmont Stakes,82,57.9,0,Clear,Fast,60114
428,9,6,Gettysburg,Paco Lopez,Steve Asmussen,51,0,0,0,2016,Belmont Stakes,82,57.9,0,Clear,Fast,60114
429,10,7,Seeking the Soul,Florent Geroux,Dallas Stewart,51,0,0,0,2016,Belmont Stakes,82,57.9,0,Clear,Fast,60114
430,11,5,Stradivari,John Velazquez,Todd Pletcher,8,0,0,0,2016,Belmont Stakes,82,57.9,0,Clear,Fast,60114
431,12,4,Suddenbreakingnews,Mike Smith,Donnie Von Hemel,6,0,0,0,2016,Belmont Stakes,82,57.9,0,Clear,Fast,60114
432,13,9,Trojan Nation,Aaron Gryder,Patrick Gallagher,61,0,0,0,2016,Belmont Stakes,82,57.9,0,Clear,Fast,60114
433,1,2,Tapwrit,Jose L. Ortiz,Todd Pletcher,7,12.6,6.5,5,2017,Belmont Stakes,84,51.1,0,Clear,Fast,57729
434,2,7,Irish War Cry,Rajiv Maragh,H. Graham Motion,4.5,0,4.7,3.9,2017,Belmont Stakes,84,51.1,0,Clear,Fast,57729
435,3,12,Patch,John R. Velazquez,Todd A. Pletcher,13,0,0,6.5,2017,Belmont Stakes,84,51.1,0,Clear,Fast,57729
436,4,3,Gormley,Victor Espinoza,John A. Shirreffs,9,0,0,0,2017,Belmont Stakes,84,51.1,0,Clear,Fast,57729
437,5,8,Senior Investment,Channing Hill,Kenneth G. McPeek,13,0,0,0,2017,Belmont Stakes,84,51.1,0,Clear,Fast,57729
438,6,1,Twisted Tom,Javier Castellano,Chad C. Brown,21,0,0,0,2017,Belmont Stakes,84,51.1,0,Clear,Fast,57729
439,7,6,Lookin At Lee,Irad Ortiz Jr.,Steven M. Asmussen,6,0,0,0,2017,Belmont Stakes,84,51.1,0,Clear,Fast,57729
440,8,9,Meantime,Mike Smith,Brian A. Lynch,16,0,0,0,2017,Belmont Stakes,84,51.1,0,Clear,Fast,57729
441,9,4,J Boys Echo,Robby Albarado,Dale L. Romans,16,0,0,0,2017,Belmont Stakes,84,51.1,0,Clear,Fast,57729
442,10,10,Multiplier,Joel Rosario,Brendan P. Walsh,16,0,0,0,2017,Belmont Stakes,84,51.1,0,Clear,Fast,57729
443,11,5,Hollywood Handsome,Florent Geroux,Dallas Stewart,31,0,0,0,2017,Belmont Stakes,84,51.1,0,Clear,Fast,57729
444,12,11,Epicharis,Christophe Lemaire,Kiyoshi Hagiwara,,0,0,0,2017,Belmont Stakes,84,51.1,0,Clear,Fast,57729
465,1,12,Afleet Alex,Jeremy Rose,Timothy F. Ritchey,2,8.6,5,3.2,2005,Preakness,73,48.9,0,Clear,Fast,125687
466,2,5,Scrappy T,Ramon Dominguez,Robert Bailes,13,0,11.2,5.8,2005,Preakness,73,48.9,0,Clear,Fast,125687
467,3,13,Giacomo,Mike Smith,John Shirreffs,21,0,0,0,2005,Preakness,73,48.9,0,Clear,Fast,125687
468,4,10,Sun King,Rafael Bejarano,Nick Zito,18,0,0,0,2005,Preakness,73,48.9,0,Clear,Fast,125687
469,5,11,High Limit,Edgar Prado,Robert Frankel,17,0,0,0,2005,Preakness,73,48.9,0,Clear,Fast,125687
470,6,3,Noble Causeway,Gary L. Stevens,Nick Zito,16,0,0,0,2005,Preakness,73,48.9,0,Clear,Fast,125687
471,7,4,Greeley's Galaxy,David Flores,Warren Stute,6,0,0,0,2005,Preakness,73,48.9,0,Clear,Fast,125687
472,8,1,Malibu Moonshine,Steve Hamilton,King T.Â Leatherbury,16,0,0,0,2005,Preakness,73,48.9,0,Clear,Fast,125687
473,9,7,Closing Argument,Cornelio Velasquez,Kiaran McLaughlin,21,0,0,0,2005,Preakness,73,48.9,0,Clear,Fast,125687
474,10,2,High Fly,Jerry D. Bailey,Nick Zito,12,0,0,0,2005,Preakness,73,48.9,0,Clear,Fast,125687
475,11,6,Hal's Image,Jose Santos,Barry R. Rose,16,0,0,0,2005,Preakness,73,48.9,0,Clear,Fast,125687
476,12,9,Wilko,Corey Kakatani,D. Wayne Lukas,14,0,0,0,2005,Preakness,73,48.9,0,Clear,Fast,125687
477,13,5,Galloping Grocer,Joe Bravo,Dominick Schettino,28,0,0,0,2005,Preakness,73,48.9,0,Clear,Fast,125687
478,14,14,Going Wild,Robby Albarado,D. Wayne Lukas,27,0,0,0,2005,Preakness,73,48.9,0,Clear,Fast,125687
479,1,8,Bernardini,Javier Castellano,Tom Albertrani,13,27.8,9.4,5.8,2006,Preakness,68,55.4,0,Clear,Fast,128643
480,2,7,Sweetnorthernsaint,Kent Desormeaux,Michael Trombetta,8,0,7.8,5,2006,Preakness,68,55.4,0,Clear,Fast,128643
481,3,3,Hemingway's Key,Jeremy Rose,Nick Zito,31,0,0,8,2006,Preakness,68,55.4,0,Clear,Fast,128643
482,4,5,Brother Derek,Alex Solis,Dan Hendricks,4,0,0,0,2006,Preakness,68,55.4,0,Clear,Fast,128643
483,5,4,Greeley's Legacy,Richard Migliore,George Weaver,21,0,0,0,2006,Preakness,68,55.4,0,Clear,Fast,128643
484,6,2,Platinum Couple,Jose Espinoza,Joseph Lostritto,51,0,0,0,2006,Preakness,68,55.4,0,Clear,Fast,128643
485,7,1,Like Now,Garrett Gomez,Kiaran McLaughlin,13,0,0,0,2006,Preakness,68,55.4,0,Clear,Fast,128643
486,8,9,Diabolical,Ramon Dominguez,Steve Klesaris,31,0,0,0,2006,Preakness,68,55.4,0,Clear,Fast,128643
487,9,6,Barbaro,Edgar Prado,Michael Matz,1.6,0,0,0,2006,Preakness,68,55.4,0,Clear,Fast,128643
488,1,4,Curlin,Robby Albarado,Steve Asmussen,4.5,8.8,3.8,2.8,2007,Preakness,75.9,54,0,Cloudy,Fast,132221
489,2,8,Street Sense,Calvin Borel,Carl Nafzger,2.4,0,3,2.4,2007,Preakness,75.9,54,0,Cloudy,Fast,132221
490,3,7,Hard Spun,Mario G. Pino,J. LarryÂ Jones,3.5,0,0,3,2007,Preakness,75.9,54,0,Cloudy,Fast,132221
491,4,9,CP West,Edgar Prado,Nick Zito,21,0,0,0,2007,Preakness,75.9,54,0,Cloudy,Fast,132221
492,5,3,Circular Quay,John R. Velazquez,Todd Pletcher,9,0,0,0,2007,Preakness,75.9,54,0,Cloudy,Fast,132221
493,6,5,King of the Roxy,Garrett Gomez,Todd Pletcher,13,0,0,0,2007,Preakness,75.9,54,0,Cloudy,Fast,132221
494,7,1,Mint Slewlep,Alan Garcia,Larry Jones,31,0,0,0,2007,Preakness,75.9,54,0,Cloudy,Fast,132221
495,8,2,Xchanger,Ramon Dominguez,Carl Nafzger,16,0,0,0,2007,Preakness,75.9,54,0,Cloudy,Fast,132221
496,9,6,Flying First Class,Mark Guidry,D. Wayne Lukas,21,0,0,0,2007,Preakness,75.9,54,0,Cloudy,Fast,132221
497,1,7,Big Brown,Kent Desormeaux,Richard Dutrow Jr.,1.5,2.4,2.6,2.4,2008,Preakness,75,48.9,0.17,Clear,Fast,121876
498,2,1,Macho Again,Julien Leparoux,Dallas Stewart,21,0,17.2,10.4,2008,Preakness,75,48.9,0.17,Clear,Fast,121876
499,3,3,Icabad Crane,Jeremy Rose,H. Graham Motion,31,0,0,5.6,2008,Preakness,75,48.9,0.17,Clear,Fast,121876
500,4,6,Racecar Rhapsody,Robby Albarado,Kenneth McPeek,31,0,0,0,2008,Preakness,75,48.9,0.17,Clear,Fast,121876
501,5,9,Stevil,John R. Velazquez,Nick Zito,31,0,0,0,2008,Preakness,75,48.9,0.17,Clear,Fast,121876
502,6,8,Kentucky Bear,Jamie Theriot,Reade Blake,16,0,0,0,2008,Preakness,75,48.9,0.17,Clear,Fast,121876
503,7,13,Hey Byrn,Charles C. Lopez,"Edward Plesa, Jr.",21,0,0,0,2008,Preakness,75,48.9,0.17,Clear,Fast,121876
504,8,11,Giant Moon,Ramon A. Dominguez,Richard E.Â Schosberg,31,0,0,0,2008,Preakness,75,48.9,0.17,Clear,Fast,121876
505,9,2,Tres Borrachos,Tyler Baze,C. BeauÂ Greely,31,0,0,0,2008,Preakness,75,48.9,0.17,Clear,Fast,121876
506,10,4,Yankee Bravo,Alex Solis,Patrick Gallagher,16,0,0,0,2008,Preakness,75,48.9,0.17,Clear,Fast,121876
507,11,12,Gayego,Mike Smith,Paulo Lobo,9,0,0,0,2008,Preakness,75,48.9,0.17,Clear,Fast,121876
508,12,10,Riley Tucker,Edgar Prado,William I. Mott,31,0,0,0,2008,Preakness,75,48.9,0.17,Clear,Fast,121876
509,1,13,Rachel Alexandra,Calvin Borel,Steve Asmussen,2.8,5.6,4.6,3.6,2009,Preakness,75.7,66.7,0,Showery,Fast,77850
510,2,2,Mine That Bird,Mike Smith,"Bennie ""Chip"" Woolley Jr.",5.5,0,6.6,4.8,2009,Preakness,75.7,66.7,0,Showery,Fast,77850
511,3,3,Musket Man,Eibar Coa,Derek Ryan,11,0,0,5,2009,Preakness,75.7,66.7,0,Showery,Fast,77850
512,4,10,Flying Private,Alan Garcia,D. Wayne Lucas,51,0,0,0,2009,Preakness,75.7,66.7,0,Showery,Fast,77850
513,5,1,Big Drama,John Velazquez,David Fawkes,11,0,0,0,2009,Preakness,75.7,66.7,0,Showery,Fast,77850
514,6,7,Papa Clem,Rafael Bejarano,Gary Stute,9,0,0,0,2009,Preakness,75.7,66.7,0,Showery,Fast,77850
515,7,6,Terrain,Jeremy Rose,Albert Stall Jr.,31,0,0,0,2009,Preakness,75.7,66.7,0,Showery,Fast,77850
516,8,4,Luv Gov,Jamie Theriot,D. Wayne Lukas,51,0,0,0,2009,Preakness,75.7,66.7,0,Showery,Fast,77850
517,9,8,General Quarters,Julian Leparoux,Tom McCarthy,21,0,0,0,2009,Preakness,75.7,66.7,0,Showery,Fast,77850
518,10,5,Friesan Fire,Gabriel Saez,Larry Jones,11,0,0,0,2009,Preakness,75.7,66.7,0,Showery,Fast,77850
519,11,9,Pioneerof the Nile,Garrett Gomez,Bob Baffert,6,0,0,0,2009,Preakness,75.7,66.7,0,Showery,Fast,77850
520,12,12,Tone It Down,Kent Desormeaux,William Komlo,51,0,0,0,2009,Preakness,75.7,66.7,0,Showery,Fast,77850
521,13,11,Take the Points,Edgar Prado,Todd Pletcher,31,0,0,0,2009,Preakness,75.7,66.7,0,Showery,Fast,77850
522,1,7,Lookin At Lucky,Martin Garcia,Bob Baffert,3,6.8,4.6,3.8,2010,Preakness,76.1,66.7,0,Clear,Fast,96760
523,2,11,First Dude,Ramon Dominguez,Dale Romans,24,0,16.6,9.2,2010,Preakness,76.1,66.7,0,Clear,Fast,96760
524,3,6,Jackson Bend,Mike Smith,Nick Zito,12,0,0,6.6,2010,Preakness,76.1,66.7,0,Clear,Fast,96760
525,4,5,Yawanna Twist,Edgar Prado,Richard Dutrow Jr.,17,0,0,0,2010,Preakness,76.1,66.7,0,Clear,Fast,96760
526,5,12,Dublin,Garrett Gomez,D. Wayne Lukas,10,0,0,0,2010,Preakness,76.1,66.7,0,Clear,Fast,96760
527,6,10,Paddy O'Prado,Kent Desormeaux,Dale Romans,8,0,0,0,2010,Preakness,76.1,66.7,0,Clear,Fast,96760
528,7,9,Caracortado,Paul Atkinson,Michael Machowsky,19,0,0,0,2010,Preakness,76.1,66.7,0,Clear,Fast,96760
529,8,8,Super Saver,Calvin Borel,Todd Pletcher,3,0,0,0,2010,Preakness,76.1,66.7,0,Clear,Fast,96760
530,9,2,Schoolyard Dreams,Eibar Coa,Derek Ryan,16,0,0,0,2010,Preakness,76.1,66.7,0,Clear,Fast,96760
531,10,1,Aikenite,Javier Castellano,Todd Pletcher,31,0,0,0,2010,Preakness,76.1,66.7,0,Clear,Fast,96760
532,11,3,Pleasant Prince,Julien Leparoux,Wesley Ward,24,0,0,0,2010,Preakness,76.1,66.7,0,Clear,Fast,96760
533,12,4,Northern Giant,Terry Thompson,D. Wayne Lukas,31,0,0,0,2010,Preakness,76.1,66.7,0,Clear,Fast,96760
534,1,5,Shackleford,Jesus Castanon,Dale Romans,13,27.2,10.2,6.8,2011,Preakness,73.9,59,0.08,Clear,Fast,118356
535,2,11,Animal Kingdom,John R.Â Velazquez,H. Graham Motion,3,0,4.2,3.6,2011,Preakness,73.9,59,0.08,Clear,Fast,118356
536,3,1,Astrology,Mike Smith,Steve Asmussen,16,0,0,8,2011,Preakness,73.9,59,0.08,Clear,Fast,118356
537,4,10,Dialed In,Julien Leparoux,Nick Zito,5.5,0,0,0,2011,Preakness,73.9,59,0.08,Clear,Fast,118356
538,5,8,Dance City,Ramon Dominguez,Todd Pletcher,13,0,0,0,2011,Preakness,73.9,59,0.08,Clear,Fast,118356
539,6,9,Mucho Macho Man,Rajiv Maragh,Kathy Ritvo,7,0,0,0,2011,Preakness,73.9,59,0.08,Clear,Fast,118356
540,7,3,King Congie,Robby Albarado,Thomas Albertrani,21,0,0,0,2011,Preakness,73.9,59,0.08,Clear,Fast,118356
541,8,14,Mr. Commons,Victor Espinoza,John Shirreffs,21,0,0,0,2011,Preakness,73.9,59,0.08,Clear,Fast,118356
542,9,12,Isn't He Perfect,Edgar Prado,Doodnauth Shivmangal,31,0,0,0,2011,Preakness,73.9,59,0.08,Clear,Fast,118356
543,10,13,Concealed Identity,Sheldon Russell,Edmond Gaudet,31,0,0,0,2011,Preakness,73.9,59,0.08,Clear,Fast,118356
544,11,2,Norman Asbjornson,Julian Pimentel,Chris Grove,31,0,0,0,2011,Preakness,73.9,59,0.08,Clear,Fast,118356
545,12,6,Sway Away,Garrett Gomez,Jeff Bonde,16,0,0,0,2011,Preakness,73.9,59,0.08,Clear,Fast,118356
546,13,7,Midnight Interlude,Martin Garcia,Bob Baffert,16,0,0,0,2011,Preakness,73.9,59,0.08,Clear,Fast,118356
547,14,4,Flashpoint,Cornelio Velasquez,Wesley Ward,21,0,0,0,2011,Preakness,73.9,59,0.08,Clear,Fast,118356
548,1,9,I'll Have Another,Mario Gutierrez,Doug O'Neill,4,8.4,3.8,2.8,2012,Preakness,84,60.1,0,Clear,Fast,121309
549,2,7,Bodemeister,Mike Smith,Bob Baffert,2.8,0,3.2,2.8,2012,Preakness,84,60.1,0,Clear,Fast,121309
550,3,6,Creative Cause,Joel Rosario,Mike Harrington,7,0,0,3.6,2012,Preakness,84,60.1,0,Clear,Fast,121309
551,4,4,Zetterholm,John Alvarado,"Richard Dutrow, Jr.",21,0,0,0,2012,Preakness,84,60.1,0,Clear,Fast,121309
552,5,2,Teeth of the Dog,Joe Bravo,Michael Matz,16,0,0,0,2012,Preakness,84,60.1,0,Clear,Fast,121309
553,6,10,Optimizer,Jon Court,D. Wayne Lukas,24,0,0,0,2012,Preakness,84,60.1,0,Clear,Fast,121309
554,7,11,Cozzetti,Dale Romans,Jose Lezcano,28,0,0,0,2012,Preakness,84,60.1,0,Clear,Fast,121309
555,8,1,Tiger Walk,Ramon Dominguez,"Ignacio Correas, IV",24,0,0,0,2012,Preakness,84,60.1,0,Clear,Fast,121309
556,9,8,Daddy Nose Best,Juan Leparoux,Steve Asmussen,12,0,0,0,2012,Preakness,84,60.1,0,Clear,Fast,121309
557,10,5,Went The Day Well,John Velazquez,Graham Motion,7,0,0,0,2012,Preakness,84,60.1,0,Clear,Fast,121309
558,11,3,Pretension,Javier Santiago,Chris Grove,34,0,0,0,2012,Preakness,84,60.1,0,Clear,Fast,121309
559,1,6,Oxbow,Gary Stevens,D. Wayne Lukas,16,32.8,12,6.8,2013,Preakness,78.1,64,0,Clear,Fast,117203
560,2,9,Itsmyluckyday,John Velazquez,Eddie Plesa Jr.,11,0,7.8,5,2013,Preakness,78.1,64,0,Clear,Fast,117203
561,3,5,Mylute,Rosie Napravnik,Tom Amoss,6,0,0,5.2,2013,Preakness,78.1,64,0,Clear,Fast,117203
562,4,1,Orb,Joel Rosario,Shug McGaughey,1.6,0,0,0,2013,Preakness,78.1,64,0,Clear,Fast,117203
563,5,2,Goldencents,Kevin Krigger,Doug OâNeill,9,0,0,0,2013,Preakness,78.1,64,0,Clear,Fast,117203
564,6,4,Departing,"Brian Hernandez, Jr.","Albert M. Stall, Jr.",7,0,0,0,2013,Preakness,78.1,64,0,Clear,Fast,117203
565,7,7,Will Take Charge,Mike Smith,D. Wayne Lukas,13,0,0,0,2013,Preakness,78.1,64,0,Clear,Fast,117203
566,8,8,Govenor Charlie,Martin Garcia,Bob Baffert,13,0,0,0,2013,Preakness,78.1,64,0,Clear,Fast,117203
567,9,3,Titletown Five,Julien Leparoux,D. Wayne Lukas,31,0,0,0,2013,Preakness,78.1,64,0,Clear,Fast,117203
568,1,3,California Chrome,Victor Espinoza,Art Sherman,1.6,3,3,2.4,2014,Preakness,68,54,0.38,Cloudy,Fast,123469
569,2,10,Ride On Curlin,"Joel Rosario	",William Gowan,11,0,5.6,3.8,2014,Preakness,68,54,0.38,Cloudy,Fast,123469
570,3,8,Social Inclusion,Luis Contreras,"Manny Azpurua	",6,0,0,3.4,2014,Preakness,68,54,0.38,Cloudy,Fast,123469
571,4,2,General a Rod,Javier Castellano,Mike Maker,16,0,0,0,2014,Preakness,68,54,0.38,Cloudy,Fast,123469
572,5,4,Ring Weekend,Alan Garcia,Graham Motion,21,0,0,0,2014,Preakness,68,54,0.38,Cloudy,Fast,123469
573,6,9,Pablo Del Monte,Jeffrey Sanchez,Wesley Ward,21,0,0,0,2014,Preakness,68,54,0.38,Cloudy,Fast,123469
574,7,1,Dynamic Impact,Miguel Mena,Mark Casse,13,0,0,0,2014,Preakness,68,54,0.38,Cloudy,Fast,123469
575,8,7,Kid Cruz,Julian Pimentel,Linda Rice,21,0,0,0,2014,Preakness,68,54,0.38,Cloudy,Fast,123469
576,9,5,"Bayern	",Rosie Napravnik,Bob Baffert,11,0,0,0,2014,Preakness,68,54,0.38,Cloudy,Fast,123469
577,10,6,Ria Antonia (F),Calvin Borel,Tom Amoss,31,0,0,0,2014,Preakness,68,54,0.38,Cloudy,Fast,123469
578,1,1,American Pharoah,Victor Espinoza,Bob Baffert,1.8,3.8,3.4,2.8,2015,Preakness,82.9,63,0,Rainy,Sloppy,131680
579,2,5,Tale of Verve,Joel Rosario,Dallas Stewart,26,0,19,8.8,2015,Preakness,82.9,63,0,Rainy,Sloppy,131680
580,3,7,Divining Rod,Javier Castellano,Arnaud Delacour,13,0,0,5.2,2015,Preakness,82.9,63,0,Rainy,Sloppy,131680
581,4,2,Dortmund,Martin Garcia,Bob Baffert,5,0,0,0,2015,Preakness,82.9,63,0,Rainy,Sloppy,131680
582,5,3,Mr. Z,Corey Nakatani,D. Wayne Lukas,17,0,0,0,2015,Preakness,82.9,63,0,Rainy,Sloppy,131680
583,6,4,Danzig Moon,Julien Leparoux,Mark Casse,14,0,0,0,2015,Preakness,82.9,63,0,Rainy,Sloppy,131680
584,7,8,Firing Lane,Gary Stevens,Simon Callaghan,4,0,0,0,2015,Preakness,82.9,63,0,Rainy,Sloppy,131680
585,8,6,Bodhisattva,Trevor McCarthy,Jose Corrales,26,0,0,0,2015,Preakness,82.9,63,0,Rainy,Sloppy,131680
586,1,5,Exaggerator,Kent Desormeaux,J. Keith Desormeaux,3.5,7.2,3.2,2.4,2016,Preakness,70,55,0.03,Rainy,Sloppy,135256
587,2,1,Cherry Wine,Corey Lanerie,Dale Romans,18,0,9.8,4.2,2016,Preakness,70,55,0.03,Rainy,Sloppy,135256
588,3,3,Nyquist,Mario Gutierrez,Doug O'Neill,1.8,0,0,2.2,2016,Preakness,70,55,0.03,Rainy,Sloppy,135256
589,4,11,Stradivari,John Velazquez,Todd Pletcher,9,0,0,0,2016,Preakness,70,55,0.03,Rainy,Sloppy,135256
590,5,6,Lani,Yutaka Take,Mikio Matsunaga,31,0,0,0,2016,Preakness,70,55,0.03,Rainy,Sloppy,135256
591,6,8,Laoban,Florent Geroux,Eric Guillot,68,0,0,0,2016,Preakness,70,55,0.03,Rainy,Sloppy,135256
592,7,2,Uncle Lino,Fernando Perez,Gary Sherlock,36,0,0,0,2016,Preakness,70,55,0.03,Rainy,Sloppy,135256
593,8,10,Fellowship,Jose Lezcano,Mark E. Casse,59,0,0,0,2016,Preakness,70,55,0.03,Rainy,Sloppy,135256
594,9,4,Awesome Speed,Jevian Toledo,Alan E. Goldberg,53,0,0,0,2016,Preakness,70,55,0.03,Rainy,Sloppy,135256
595,10,7,Collected,Javier Castellano,Bob Baffert,15,0,0,0,2016,Preakness,70,55,0.03,Rainy,Sloppy,135256
596,11,9,Abiding Star,J.D. Acosta,Ned Allar,41,0,0,0,2016,Preakness,70,55,0.03,Rainy,Sloppy,135256
597,1,2,Cloud Computing,Javier Castellano,Chad Brown,14,28.8,8.6,6,2017,Preakness,77,66,0.43,Cloudy,Fast,140327
598,2,5,Classic Empire,Julien Leparoux,Mark Casse,3,0,4.4,4,2017,Preakness,77,66,0.43,Cloudy,Fast,140327
599,3,8,Senior Investment,Channing Hill,Ken McPeek,26,0,0,10.2,2017,Preakness,77,66,0.43,Cloudy,Fast,140327
600,4,9,Lookin at Lee,Corey Lanerie,Steve Asmussen,10,0,0,0,2017,Preakness,77,66,0.43,Cloudy,Fast,140327
601,5,6,Gunnevera,Mike Smith,Antonio Sano,11,0,0,0,2017,Preakness,77,66,0.43,Cloudy,Fast,140327
602,6,1,Multiplier,Joel Rosario,Brendan Walsh,20,0,0,0,2017,Preakness,77,66,0.43,Cloudy,Fast,140327
603,7,10,Conquest Mo Money,Jorge Carreno,Miguel Hernandez,11,0,0,0,2017,Preakness,77,66,0.43,Cloudy,Fast,140327
604,8,4,Always Dreaming,John Velazquez,Todd Pletcher,2.4,0,0,0,2017,Preakness,77,66,0.43,Cloudy,Fast,140327
605,9,3,Hence,Florent Geroux,Steve Asmussen,22,0,0,0,2017,Preakness,77,66,0.43,Cloudy,Fast,140327
606,10,7,Term of Art,Jose Ortiz,Doug O'Neill,46,0,0,0,2017,Preakness,77,66,0.43,Cloudy,Fast,140327
